"original_dir","old_name","new_name","file_size_bytes","project","flac_file_name"
"/run/user/1000/gvfs/smb-share:server=cinnas.local,share=neurobiología/Juan Carlos/AUTOADMINISTRACION ALCOHOL/AUDIOS/HEMBRAS/2019 - USVs Autoadminis Alcohol hembras","A_CA_Alcohol_2019OBE2019-11-18_07-49-10_0000001.wav","A_CA_Alcohol_2019OBE2019-11-18_07-49-10_0000001.wav",472941538,"742-B5-A30","742-B5-A30_0001.flac"
"/run/user/1000/gvfs/smb-share:server=cinnas.local,share=neurobiología/Juan Carlos/AUTOADMINISTRACION ALCOHOL/AUDIOS/HEMBRAS/2019 - USVs Autoadminis Alcohol hembras","A_CA_Alcohol_2019OBE2019-11-18_08-08-39_0000002.wav","A_CA_Alcohol_2019OBE2019-11-18_08-08-39_0000002.wav",460178402,"742-B5-A30","742-B5-A30_0002.flac"
"/run/user/1000/gvfs/smb-share:server=cinnas.local,share=neurobiología/Juan Carlos/AUTOADMINISTRACION ALCOHOL/AUDIOS/HEMBRAS/2019 - USVs Autoadminis Alcohol hembras","A_CA_Alcohol_2019OBE2019-11-18_08-27-07_0000003.wav","A_CA_Alcohol_2019OBE2019-11-18_08-27-07_0000003.wav",451396578,"742-B5-A30","742-B5-A30_0003.flac"
"/run/user/1000/gvfs/smb-share:server=cinnas.local,share=neurobiología/Juan Carlos/AUTOADMINISTRACION ALCOHOL/AUDIOS/HEMBRAS/2019 - USVs Autoadminis Alcohol hembras","A_CA_Alcohol_2019OBE2019-11-18_08-45-08_0000004.wav","A_CA_Alcohol_2019OBE2019-11-18_08-45-08_0000004.wav",454853602,"742-B5-A30","742-B5-A30_0004.flac"
"/run/user/1000/gvfs/smb-share:server=cinnas.local,share=neurobiología/Juan Carlos/AUTOADMINISTRACION ALCOHOL/AUDIOS/HEMBRAS/2019 - USVs Autoadminis Alcohol hembras","A_CA_Alcohol_2019OBE2019-11-18_09-04-52_0000005.wav","A_CA_Alcohol_2019OBE2019-11-18_09-04-52_0000005.wav",453329890,"742-B5-A30","742-B5-A30_0005.flac"
"/run/user/1000/gvfs/smb-share:server=cinnas.local,share=neurobiología/Juan Carlos/AUTOADMINISTRACION ALCOHOL/AUDIOS/HEMBRAS/2019 - USVs Autoadminis Alcohol hembras","A_CA_Alcohol_2019OBE2019-11-18_09-22-51_0000006.wav","A_CA_Alcohol_2019OBE2019-11-18_09-22-51_0000006.wav",456557538,"742-B5-A30","742-B5-A30_0006.flac"
"/run/user/1000/gvfs/smb-share:server=cinnas.local,share=neurobiología/Juan Carlos/AUTOADMINISTRACION ALCOHOL/AUDIOS/HEMBRAS/2019 - USVs Autoadminis Alcohol hembras","A_CA_Alcohol_2019OBE2019-11-18_09-40-47_0000007.wav","A_CA_Alcohol_2019OBE2019-11-18_09-40-47_0000007.wav",498648034,"742-B5-A30","742-B5-A30_0007.flac"
"/run/user/1000/gvfs/smb-share:server=cinnas.local,share=neurobiología/Juan Carlos/AUTOADMINISTRACION ALCOHOL/AUDIOS/HEMBRAS/2019 - USVs Autoadminis Alcohol hembras","A_CA_Alcohol_2019OBE2019-11-18_10-00-08_0000008.wav","A_CA_Alcohol_2019OBE2019-11-18_10-00-08_0000008.wav",454493154,"742-B5-A30","742-B5-A30_0008.flac"
"/run/user/1000/gvfs/smb-share:server=cinnas.local,share=neurobiología/Juan Carlos/AUTOADMINISTRACION ALCOHOL/AUDIOS/HEMBRAS/2019 - USVs Autoadminis Alcohol hembras","A_CA_Alcohol_2019OBE2019-11-18_10-19-00_0000009.wav","A_CA_Alcohol_2019OBE2019-11-18_10-19-00_0000009.wav",451118050,"742-B5-A30","742-B5-A30_0009.flac"
"/run/user/1000/gvfs/smb-share:server=cinnas.local,share=neurobiología/Juan Carlos/AUTOADMINISTRACION ALCOHOL/AUDIOS/HEMBRAS/2019 - USVs Autoadminis Alcohol hembras","A_CA_Alcohol_2019OBE2019-11-18_10-38-48_0000010.wav","A_CA_Alcohol_2019OBE2019-11-18_10-38-48_0000010.wav",472876002,"742-B5-A30","742-B5-A30_0010.flac"
"/run/user/1000/gvfs/smb-share:server=cinnas.local,share=neurobiología/Juan Carlos/AUTOADMINISTRACION ALCOHOL/AUDIOS/HEMBRAS/2019 - USVs Autoadminis Alcohol hembras","A_CA_Alcohol_2019OBE2019-11-18_11-01-18_0000011.wav","A_CA_Alcohol_2019OBE2019-11-18_11-01-18_0000011.wav",471057378,"742-B5-A30","742-B5-A30_0011.flac"
"/run/user/1000/gvfs/smb-share:server=cinnas.local,share=neurobiología/Juan Carlos/AUTOADMINISTRACION ALCOHOL/AUDIOS/HEMBRAS/2019 - USVs Autoadminis Alcohol hembras","A_CA_Alcohol_2019OBE2019-11-18_11-20-32_0000012.wav","A_CA_Alcohol_2019OBE2019-11-18_11-20-32_0000012.wav",456704994,"742-B5-A30","742-B5-A30_0012.flac"
"/run/user/1000/gvfs/smb-share:server=cinnas.local,share=neurobiología/Juan Carlos/AUTOADMINISTRACION ALCOHOL/AUDIOS/HEMBRAS/2019 - USVs Autoadminis Alcohol hembras","A_CA_Alcohol_2019OBE2019-11-18_11-39-09_0000013.wav","A_CA_Alcohol_2019OBE2019-11-18_11-39-09_0000013.wav",454853602,"742-B5-A30","742-B5-A30_0013.flac"
"/run/user/1000/gvfs/smb-share:server=cinnas.local,share=neurobiología/Juan Carlos/AUTOADMINISTRACION ALCOHOL/AUDIOS/HEMBRAS/2019 - USVs Autoadminis Alcohol hembras","A_CA_Alcohol_2019OBE2019-11-18_11-54-20_0000014.wav","A_CA_Alcohol_2019OBE2019-11-18_11-54-20_0000014.wav",476130,"742-B5-A30","742-B5-A30_0014.flac"
"/run/user/1000/gvfs/smb-share:server=cinnas.local,share=neurobiología/Juan Carlos/AUTOADMINISTRACION ALCOHOL/AUDIOS/HEMBRAS/2019 - USVs Autoadminis Alcohol hembras","A_CA_Alcohol_2019OBE2019-11-18_11-57-48_0000015.wav","A_CA_Alcohol_2019OBE2019-11-18_11-57-48_0000015.wav",453592034,"742-B5-A30","742-B5-A30_0015.flac"
"/run/user/1000/gvfs/smb-share:server=cinnas.local,share=neurobiología/Juan Carlos/AUTOADMINISTRACION ALCOHOL/AUDIOS/HEMBRAS/2019 - USVs Autoadminis Alcohol hembras","A_CA_Alcohol_2019OBE2019-11-18_12-16-15_0000016.wav","A_CA_Alcohol_2019OBE2019-11-18_12-16-15_0000016.wav",450692066,"742-B5-A30","742-B5-A30_0016.flac"
"/run/user/1000/gvfs/smb-share:server=cinnas.local,share=neurobiología/Juan Carlos/AUTOADMINISTRACION ALCOHOL/AUDIOS/HEMBRAS/2019 - USVs Autoadminis Alcohol hembras","B_CA_Alcohol_2019OBE2019-11-18_07-49-10_0000001.wav","B_CA_Alcohol_2019OBE2019-11-18_07-49-10_0000001.wav",472941538,"742-B5-A30","742-B5-A30_0017.flac"
"/run/user/1000/gvfs/smb-share:server=cinnas.local,share=neurobiología/Juan Carlos/AUTOADMINISTRACION ALCOHOL/AUDIOS/HEMBRAS/2019 - USVs Autoadminis Alcohol hembras","B_CA_Alcohol_2019OBE2019-11-18_08-08-39_0000002.wav","B_CA_Alcohol_2019OBE2019-11-18_08-08-39_0000002.wav",460178402,"742-B5-A30","742-B5-A30_0018.flac"
"/run/user/1000/gvfs/smb-share:server=cinnas.local,share=neurobiología/Juan Carlos/AUTOADMINISTRACION ALCOHOL/AUDIOS/HEMBRAS/2019 - USVs Autoadminis Alcohol hembras","B_CA_Alcohol_2019OBE2019-11-18_08-27-07_0000003.wav","B_CA_Alcohol_2019OBE2019-11-18_08-27-07_0000003.wav",451396578,"742-B5-A30","742-B5-A30_0019.flac"
"/run/user/1000/gvfs/smb-share:server=cinnas.local,share=neurobiología/Juan Carlos/AUTOADMINISTRACION ALCOHOL/AUDIOS/HEMBRAS/2019 - USVs Autoadminis Alcohol hembras","B_CA_Alcohol_2019OBE2019-11-18_08-45-08_0000004.wav","B_CA_Alcohol_2019OBE2019-11-18_08-45-08_0000004.wav",454853602,"742-B5-A30","742-B5-A30_0020.flac"
"/run/user/1000/gvfs/smb-share:server=cinnas.local,share=neurobiología/Juan Carlos/AUTOADMINISTRACION ALCOHOL/AUDIOS/HEMBRAS/2019 - USVs Autoadminis Alcohol hembras","B_CA_Alcohol_2019OBE2019-11-18_09-04-52_0000005.wav","B_CA_Alcohol_2019OBE2019-11-18_09-04-52_0000005.wav",453329890,"742-B5-A30","742-B5-A30_0021.flac"
"/run/user/1000/gvfs/smb-share:server=cinnas.local,share=neurobiología/Juan Carlos/AUTOADMINISTRACION ALCOHOL/AUDIOS/HEMBRAS/2019 - USVs Autoadminis Alcohol hembras","B_CA_Alcohol_2019OBE2019-11-18_09-22-51_0000006.wav","B_CA_Alcohol_2019OBE2019-11-18_09-22-51_0000006.wav",456557538,"742-B5-A30","742-B5-A30_0022.flac"
"/run/user/1000/gvfs/smb-share:server=cinnas.local,share=neurobiología/Juan Carlos/AUTOADMINISTRACION ALCOHOL/AUDIOS/HEMBRAS/2019 - USVs Autoadminis Alcohol hembras","B_CA_Alcohol_2019OBE2019-11-18_09-40-47_0000007.wav","B_CA_Alcohol_2019OBE2019-11-18_09-40-47_0000007.wav",498648034,"742-B5-A30","742-B5-A30_0023.flac"
"/run/user/1000/gvfs/smb-share:server=cinnas.local,share=neurobiología/Juan Carlos/AUTOADMINISTRACION ALCOHOL/AUDIOS/HEMBRAS/2019 - USVs Autoadminis Alcohol hembras","B_CA_Alcohol_2019OBE2019-11-18_10-00-08_0000008.wav","B_CA_Alcohol_2019OBE2019-11-18_10-00-08_0000008.wav",454493154,"742-B5-A30","742-B5-A30_0024.flac"
"/run/user/1000/gvfs/smb-share:server=cinnas.local,share=neurobiología/Juan Carlos/AUTOADMINISTRACION ALCOHOL/AUDIOS/HEMBRAS/2019 - USVs Autoadminis Alcohol hembras","B_CA_Alcohol_2019OBE2019-11-18_10-19-00_0000009.wav","B_CA_Alcohol_2019OBE2019-11-18_10-19-00_0000009.wav",451118050,"742-B5-A30","742-B5-A30_0025.flac"
"/run/user/1000/gvfs/smb-share:server=cinnas.local,share=neurobiología/Juan Carlos/AUTOADMINISTRACION ALCOHOL/AUDIOS/HEMBRAS/2019 - USVs Autoadminis Alcohol hembras","B_CA_Alcohol_2019OBE2019-11-18_10-38-48_0000010.wav","B_CA_Alcohol_2019OBE2019-11-18_10-38-48_0000010.wav",472876002,"742-B5-A30","742-B5-A30_0026.flac"
"/run/user/1000/gvfs/smb-share:server=cinnas.local,share=neurobiología/Juan Carlos/AUTOADMINISTRACION ALCOHOL/AUDIOS/HEMBRAS/2019 - USVs Autoadminis Alcohol hembras","B_CA_Alcohol_2019OBE2019-11-18_11-01-18_0000011.wav","B_CA_Alcohol_2019OBE2019-11-18_11-01-18_0000011.wav",471057378,"742-B5-A30","742-B5-A30_0027.flac"
"/run/user/1000/gvfs/smb-share:server=cinnas.local,share=neurobiología/Juan Carlos/AUTOADMINISTRACION ALCOHOL/AUDIOS/HEMBRAS/2019 - USVs Autoadminis Alcohol hembras","B_CA_Alcohol_2019OBE2019-11-18_11-20-32_0000012.wav","B_CA_Alcohol_2019OBE2019-11-18_11-20-32_0000012.wav",456704994,"742-B5-A30","742-B5-A30_0028.flac"
"/run/user/1000/gvfs/smb-share:server=cinnas.local,share=neurobiología/Juan Carlos/AUTOADMINISTRACION ALCOHOL/AUDIOS/HEMBRAS/2019 - USVs Autoadminis Alcohol hembras","B_CA_Alcohol_2019OBE2019-11-18_11-39-09_0000013.wav","B_CA_Alcohol_2019OBE2019-11-18_11-39-09_0000013.wav",454853602,"742-B5-A30","742-B5-A30_0029.flac"
"/run/user/1000/gvfs/smb-share:server=cinnas.local,share=neurobiología/Juan Carlos/AUTOADMINISTRACION ALCOHOL/AUDIOS/HEMBRAS/2019 - USVs Autoadminis Alcohol hembras","B_CA_Alcohol_2019OBE2019-11-18_11-54-20_0000014.wav","B_CA_Alcohol_2019OBE2019-11-18_11-54-20_0000014.wav",476130,"742-B5-A30","742-B5-A30_0030.flac"
"/run/user/1000/gvfs/smb-share:server=cinnas.local,share=neurobiología/Juan Carlos/AUTOADMINISTRACION ALCOHOL/AUDIOS/HEMBRAS/2019 - USVs Autoadminis Alcohol hembras","B_CA_Alcohol_2019OBE2019-11-18_11-57-48_0000015.wav","B_CA_Alcohol_2019OBE2019-11-18_11-57-48_0000015.wav",453592034,"742-B5-A30","742-B5-A30_0031.flac"
"/run/user/1000/gvfs/smb-share:server=cinnas.local,share=neurobiología/Juan Carlos/AUTOADMINISTRACION ALCOHOL/AUDIOS/HEMBRAS/2019 - USVs Autoadminis Alcohol hembras","B_CA_Alcohol_2019OBE2019-11-18_12-16-15_0000016.wav","B_CA_Alcohol_2019OBE2019-11-18_12-16-15_0000016.wav",450692066,"742-B5-A30","742-B5-A30_0032.flac"
"/run/user/1000/gvfs/smb-share:server=cinnas.local,share=neurobiología/Juan Carlos/AUTOADMINISTRACION ALCOHOL/AUDIOS/HEMBRAS/2019 - USVs Autoadminis Alcohol hembras","C_CA_Alcohol_2019OBE2019-11-18_07-49-10_0000001.wav","C_CA_Alcohol_2019OBE2019-11-18_07-49-10_0000001.wav",472941538,"742-B5-A30","742-B5-A30_0033.flac"
"/run/user/1000/gvfs/smb-share:server=cinnas.local,share=neurobiología/Juan Carlos/AUTOADMINISTRACION ALCOHOL/AUDIOS/HEMBRAS/2019 - USVs Autoadminis Alcohol hembras","C_CA_Alcohol_2019OBE2019-11-18_08-08-39_0000002.wav","C_CA_Alcohol_2019OBE2019-11-18_08-08-39_0000002.wav",460178402,"742-B5-A30","742-B5-A30_0034.flac"
"/run/user/1000/gvfs/smb-share:server=cinnas.local,share=neurobiología/Juan Carlos/AUTOADMINISTRACION ALCOHOL/AUDIOS/HEMBRAS/2019 - USVs Autoadminis Alcohol hembras","C_CA_Alcohol_2019OBE2019-11-18_08-27-07_0000003.wav","C_CA_Alcohol_2019OBE2019-11-18_08-27-07_0000003.wav",451396578,"742-B5-A30","742-B5-A30_0035.flac"
"/run/user/1000/gvfs/smb-share:server=cinnas.local,share=neurobiología/Juan Carlos/AUTOADMINISTRACION ALCOHOL/AUDIOS/HEMBRAS/2019 - USVs Autoadminis Alcohol hembras","C_CA_Alcohol_2019OBE2019-11-18_08-45-08_0000004.wav","C_CA_Alcohol_2019OBE2019-11-18_08-45-08_0000004.wav",454853602,"742-B5-A30","742-B5-A30_0036.flac"
"/run/user/1000/gvfs/smb-share:server=cinnas.local,share=neurobiología/Juan Carlos/AUTOADMINISTRACION ALCOHOL/AUDIOS/HEMBRAS/2019 - USVs Autoadminis Alcohol hembras","C_CA_Alcohol_2019OBE2019-11-18_09-04-52_0000005.wav","C_CA_Alcohol_2019OBE2019-11-18_09-04-52_0000005.wav",453329890,"742-B5-A30","742-B5-A30_0037.flac"
"/run/user/1000/gvfs/smb-share:server=cinnas.local,share=neurobiología/Juan Carlos/AUTOADMINISTRACION ALCOHOL/AUDIOS/HEMBRAS/2019 - USVs Autoadminis Alcohol hembras","C_CA_Alcohol_2019OBE2019-11-18_09-22-51_0000006.wav","C_CA_Alcohol_2019OBE2019-11-18_09-22-51_0000006.wav",456557538,"742-B5-A30","742-B5-A30_0038.flac"
"/run/user/1000/gvfs/smb-share:server=cinnas.local,share=neurobiología/Juan Carlos/AUTOADMINISTRACION ALCOHOL/AUDIOS/HEMBRAS/2019 - USVs Autoadminis Alcohol hembras","C_CA_Alcohol_2019OBE2019-11-18_09-40-47_0000007.wav","C_CA_Alcohol_2019OBE2019-11-18_09-40-47_0000007.wav",498648034,"742-B5-A30","742-B5-A30_0039.flac"
"/run/user/1000/gvfs/smb-share:server=cinnas.local,share=neurobiología/Juan Carlos/AUTOADMINISTRACION ALCOHOL/AUDIOS/HEMBRAS/2019 - USVs Autoadminis Alcohol hembras","C_CA_Alcohol_2019OBE2019-11-18_10-00-08_0000008.wav","C_CA_Alcohol_2019OBE2019-11-18_10-00-08_0000008.wav",454493154,"742-B5-A30","742-B5-A30_0040.flac"
"/run/user/1000/gvfs/smb-share:server=cinnas.local,share=neurobiología/Juan Carlos/AUTOADMINISTRACION ALCOHOL/AUDIOS/HEMBRAS/2019 - USVs Autoadminis Alcohol hembras","C_CA_Alcohol_2019OBE2019-11-18_10-19-00_0000009.wav","C_CA_Alcohol_2019OBE2019-11-18_10-19-00_0000009.wav",451118050,"742-B5-A30","742-B5-A30_0041.flac"
"/run/user/1000/gvfs/smb-share:server=cinnas.local,share=neurobiología/Juan Carlos/AUTOADMINISTRACION ALCOHOL/AUDIOS/HEMBRAS/2019 - USVs Autoadminis Alcohol hembras","C_CA_Alcohol_2019OBE2019-11-18_10-38-48_0000010.wav","C_CA_Alcohol_2019OBE2019-11-18_10-38-48_0000010.wav",472876002,"742-B5-A30","742-B5-A30_0042.flac"
"/run/user/1000/gvfs/smb-share:server=cinnas.local,share=neurobiología/Juan Carlos/AUTOADMINISTRACION ALCOHOL/AUDIOS/HEMBRAS/2019 - USVs Autoadminis Alcohol hembras","C_CA_Alcohol_2019OBE2019-11-18_11-01-18_0000011.wav","C_CA_Alcohol_2019OBE2019-11-18_11-01-18_0000011.wav",471057378,"742-B5-A30","742-B5-A30_0043.flac"
"/run/user/1000/gvfs/smb-share:server=cinnas.local,share=neurobiología/Juan Carlos/AUTOADMINISTRACION ALCOHOL/AUDIOS/HEMBRAS/2019 - USVs Autoadminis Alcohol hembras","C_CA_Alcohol_2019OBE2019-11-18_11-20-32_0000012.wav","C_CA_Alcohol_2019OBE2019-11-18_11-20-32_0000012.wav",456704994,"742-B5-A30","742-B5-A30_0044.flac"
"/run/user/1000/gvfs/smb-share:server=cinnas.local,share=neurobiología/Juan Carlos/AUTOADMINISTRACION ALCOHOL/AUDIOS/HEMBRAS/2019 - USVs Autoadminis Alcohol hembras","C_CA_Alcohol_2019OBE2019-11-18_11-39-09_0000013.wav","C_CA_Alcohol_2019OBE2019-11-18_11-39-09_0000013.wav",454853602,"742-B5-A30","742-B5-A30_0045.flac"
"/run/user/1000/gvfs/smb-share:server=cinnas.local,share=neurobiología/Juan Carlos/AUTOADMINISTRACION ALCOHOL/AUDIOS/HEMBRAS/2019 - USVs Autoadminis Alcohol hembras","C_CA_Alcohol_2019OBE2019-11-18_11-54-20_0000014.wav","C_CA_Alcohol_2019OBE2019-11-18_11-54-20_0000014.wav",476130,"742-B5-A30","742-B5-A30_0046.flac"
"/run/user/1000/gvfs/smb-share:server=cinnas.local,share=neurobiología/Juan Carlos/AUTOADMINISTRACION ALCOHOL/AUDIOS/HEMBRAS/2019 - USVs Autoadminis Alcohol hembras","C_CA_Alcohol_2019OBE2019-11-18_11-57-48_0000015.wav","C_CA_Alcohol_2019OBE2019-11-18_11-57-48_0000015.wav",453592034,"742-B5-A30","742-B5-A30_0047.flac"
"/run/user/1000/gvfs/smb-share:server=cinnas.local,share=neurobiología/Juan Carlos/AUTOADMINISTRACION ALCOHOL/AUDIOS/HEMBRAS/2019 - USVs Autoadminis Alcohol hembras","C_CA_Alcohol_2019OBE2019-11-18_12-16-15_0000016.wav","C_CA_Alcohol_2019OBE2019-11-18_12-16-15_0000016.wav",450692066,"742-B5-A30","742-B5-A30_0048.flac"
"/run/user/1000/gvfs/smb-share:server=cinnas.local,share=neurobiología/Juan Carlos/AUTOADMINISTRACION ALCOHOL/AUDIOS/HEMBRAS/2019 - USVs Autoadminis Alcohol hembras","D_CA_Alcohol_2019OBE2019-11-18_07-49-10_0000001.wav","D_CA_Alcohol_2019OBE2019-11-18_07-49-10_0000001.wav",472941538,"742-B5-A30","742-B5-A30_0049.flac"
"/run/user/1000/gvfs/smb-share:server=cinnas.local,share=neurobiología/Juan Carlos/AUTOADMINISTRACION ALCOHOL/AUDIOS/HEMBRAS/2019 - USVs Autoadminis Alcohol hembras","D_CA_Alcohol_2019OBE2019-11-18_08-08-39_0000002.wav","D_CA_Alcohol_2019OBE2019-11-18_08-08-39_0000002.wav",460178402,"742-B5-A30","742-B5-A30_0050.flac"
"/run/user/1000/gvfs/smb-share:server=cinnas.local,share=neurobiología/Juan Carlos/AUTOADMINISTRACION ALCOHOL/AUDIOS/HEMBRAS/2019 - USVs Autoadminis Alcohol hembras","D_CA_Alcohol_2019OBE2019-11-18_08-27-07_0000003.wav","D_CA_Alcohol_2019OBE2019-11-18_08-27-07_0000003.wav",451396578,"742-B5-A30","742-B5-A30_0051.flac"
"/run/user/1000/gvfs/smb-share:server=cinnas.local,share=neurobiología/Juan Carlos/AUTOADMINISTRACION ALCOHOL/AUDIOS/HEMBRAS/2019 - USVs Autoadminis Alcohol hembras","D_CA_Alcohol_2019OBE2019-11-18_08-45-08_0000004.wav","D_CA_Alcohol_2019OBE2019-11-18_08-45-08_0000004.wav",454853602,"742-B5-A30","742-B5-A30_0052.flac"
"/run/user/1000/gvfs/smb-share:server=cinnas.local,share=neurobiología/Juan Carlos/AUTOADMINISTRACION ALCOHOL/AUDIOS/HEMBRAS/2019 - USVs Autoadminis Alcohol hembras","D_CA_Alcohol_2019OBE2019-11-18_09-04-52_0000005.wav","D_CA_Alcohol_2019OBE2019-11-18_09-04-52_0000005.wav",453329890,"742-B5-A30","742-B5-A30_0053.flac"
"/run/user/1000/gvfs/smb-share:server=cinnas.local,share=neurobiología/Juan Carlos/AUTOADMINISTRACION ALCOHOL/AUDIOS/HEMBRAS/2019 - USVs Autoadminis Alcohol hembras","D_CA_Alcohol_2019OBE2019-11-18_09-22-51_0000006.wav","D_CA_Alcohol_2019OBE2019-11-18_09-22-51_0000006.wav",456557538,"742-B5-A30","742-B5-A30_0054.flac"
"/run/user/1000/gvfs/smb-share:server=cinnas.local,share=neurobiología/Juan Carlos/AUTOADMINISTRACION ALCOHOL/AUDIOS/HEMBRAS/2019 - USVs Autoadminis Alcohol hembras","D_CA_Alcohol_2019OBE2019-11-18_09-40-47_0000007.wav","D_CA_Alcohol_2019OBE2019-11-18_09-40-47_0000007.wav",498648034,"742-B5-A30","742-B5-A30_0055.flac"
"/run/user/1000/gvfs/smb-share:server=cinnas.local,share=neurobiología/Juan Carlos/AUTOADMINISTRACION ALCOHOL/AUDIOS/HEMBRAS/2019 - USVs Autoadminis Alcohol hembras","D_CA_Alcohol_2019OBE2019-11-18_10-00-08_0000008.wav","D_CA_Alcohol_2019OBE2019-11-18_10-00-08_0000008.wav",454493154,"742-B5-A30","742-B5-A30_0056.flac"
"/run/user/1000/gvfs/smb-share:server=cinnas.local,share=neurobiología/Juan Carlos/AUTOADMINISTRACION ALCOHOL/AUDIOS/HEMBRAS/2019 - USVs Autoadminis Alcohol hembras","D_CA_Alcohol_2019OBE2019-11-18_10-19-00_0000009.wav","D_CA_Alcohol_2019OBE2019-11-18_10-19-00_0000009.wav",451118050,"742-B5-A30","742-B5-A30_0057.flac"
"/run/user/1000/gvfs/smb-share:server=cinnas.local,share=neurobiología/Juan Carlos/AUTOADMINISTRACION ALCOHOL/AUDIOS/HEMBRAS/2019 - USVs Autoadminis Alcohol hembras","D_CA_Alcohol_2019OBE2019-11-18_10-38-48_0000010.wav","D_CA_Alcohol_2019OBE2019-11-18_10-38-48_0000010.wav",472876002,"742-B5-A30","742-B5-A30_0058.flac"
"/run/user/1000/gvfs/smb-share:server=cinnas.local,share=neurobiología/Juan Carlos/AUTOADMINISTRACION ALCOHOL/AUDIOS/HEMBRAS/2019 - USVs Autoadminis Alcohol hembras","D_CA_Alcohol_2019OBE2019-11-18_11-01-18_0000011.wav","D_CA_Alcohol_2019OBE2019-11-18_11-01-18_0000011.wav",471057378,"742-B5-A30","742-B5-A30_0059.flac"
"/run/user/1000/gvfs/smb-share:server=cinnas.local,share=neurobiología/Juan Carlos/AUTOADMINISTRACION ALCOHOL/AUDIOS/HEMBRAS/2019 - USVs Autoadminis Alcohol hembras","D_CA_Alcohol_2019OBE2019-11-18_11-20-32_0000012.wav","D_CA_Alcohol_2019OBE2019-11-18_11-20-32_0000012.wav",456704994,"742-B5-A30","742-B5-A30_0060.flac"
"/run/user/1000/gvfs/smb-share:server=cinnas.local,share=neurobiología/Juan Carlos/AUTOADMINISTRACION ALCOHOL/AUDIOS/HEMBRAS/2019 - USVs Autoadminis Alcohol hembras","D_CA_Alcohol_2019OBE2019-11-18_11-39-09_0000013.wav","D_CA_Alcohol_2019OBE2019-11-18_11-39-09_0000013.wav",454853602,"742-B5-A30","742-B5-A30_0061.flac"
"/run/user/1000/gvfs/smb-share:server=cinnas.local,share=neurobiología/Juan Carlos/AUTOADMINISTRACION ALCOHOL/AUDIOS/HEMBRAS/2019 - USVs Autoadminis Alcohol hembras","D_CA_Alcohol_2019OBE2019-11-18_11-54-20_0000014.wav","D_CA_Alcohol_2019OBE2019-11-18_11-54-20_0000014.wav",476130,"742-B5-A30","742-B5-A30_0062.flac"
"/run/user/1000/gvfs/smb-share:server=cinnas.local,share=neurobiología/Juan Carlos/AUTOADMINISTRACION ALCOHOL/AUDIOS/HEMBRAS/2019 - USVs Autoadminis Alcohol hembras","D_CA_Alcohol_2019OBE2019-11-18_11-57-48_0000015.wav","D_CA_Alcohol_2019OBE2019-11-18_11-57-48_0000015.wav",453592034,"742-B5-A30","742-B5-A30_0063.flac"
"/run/user/1000/gvfs/smb-share:server=cinnas.local,share=neurobiología/Juan Carlos/AUTOADMINISTRACION ALCOHOL/AUDIOS/HEMBRAS/2019 - USVs Autoadminis Alcohol hembras","D_CA_Alcohol_2019OBE2019-11-18_12-16-15_0000016.wav","D_CA_Alcohol_2019OBE2019-11-18_12-16-15_0000016.wav",450692066,"742-B5-A30","742-B5-A30_0064.flac"
"/run/user/1000/gvfs/smb-share:server=cinnas.local,share=neurobiología/Juan Carlos/AUTOADMINISTRACION ALCOHOL/AUDIOS/MACHOS/2019-Alcohol (ASC)/A_CA1_Alcohol","T0000001.wav","T0000001-1.wav",221963234,"742-B5-A30","742-B5-A30_0065.flac"
"/run/user/1000/gvfs/smb-share:server=cinnas.local,share=neurobiología/Juan Carlos/AUTOADMINISTRACION ALCOHOL/AUDIOS/MACHOS/2019-Alcohol (ASC)/B_CA1_Alcohol","T0000001.wav","T0000001-2.wav",221963234,"742-B5-A30","742-B5-A30_0066.flac"
"/run/user/1000/gvfs/smb-share:server=cinnas.local,share=neurobiología/Juan Carlos/AUTOADMINISTRACION ALCOHOL/AUDIOS/MACHOS/2019-Alcohol (ASC)/C_CA1_Alcohol","T0000001.wav","T0000001-3.wav",221963234,"742-B5-A30","742-B5-A30_0067.flac"
"/run/user/1000/gvfs/smb-share:server=cinnas.local,share=neurobiología/Juan Carlos/AUTOADMINISTRACION ALCOHOL/AUDIOS/MACHOS/2019-Alcohol (ASC)/D_CA1_Alcohol","T0000001.wav","T0000001-4.wav",221963234,"742-B5-A30","742-B5-A30_0068.flac"
"/run/user/1000/gvfs/smb-share:server=cinnas.local,share=neurobiología/Juan Carlos/AUTOADMINISTRACION ALCOHOL/AUDIOS/MACHOS/2019-Alcohol (ASC)/A_CA1_Alcohol","T0000002.wav","T0000002-1.wav",225502178,"742-B5-A30","742-B5-A30_0069.flac"
"/run/user/1000/gvfs/smb-share:server=cinnas.local,share=neurobiología/Juan Carlos/AUTOADMINISTRACION ALCOHOL/AUDIOS/MACHOS/2019-Alcohol (ASC)/B_CA1_Alcohol","T0000002.wav","T0000002-2.wav",225502178,"742-B5-A30","742-B5-A30_0070.flac"
"/run/user/1000/gvfs/smb-share:server=cinnas.local,share=neurobiología/Juan Carlos/AUTOADMINISTRACION ALCOHOL/AUDIOS/MACHOS/2019-Alcohol (ASC)/C_CA1_Alcohol","T0000002.wav","T0000002-3.wav",225502178,"742-B5-A30","742-B5-A30_0071.flac"
"/run/user/1000/gvfs/smb-share:server=cinnas.local,share=neurobiología/Juan Carlos/AUTOADMINISTRACION ALCOHOL/AUDIOS/MACHOS/2019-Alcohol (ASC)/D_CA1_Alcohol","T0000002.wav","T0000002-4.wav",225502178,"742-B5-A30","742-B5-A30_0072.flac"
"/run/user/1000/gvfs/smb-share:server=cinnas.local,share=neurobiología/Juan Carlos/AUTOADMINISTRACION ALCOHOL/AUDIOS/MACHOS/2019-Alcohol (ASC)/A_CA1_Alcohol","T0000003.wav","T0000003-1.wav",225895394,"742-B5-A30","742-B5-A30_0073.flac"
"/run/user/1000/gvfs/smb-share:server=cinnas.local,share=neurobiología/Juan Carlos/AUTOADMINISTRACION ALCOHOL/AUDIOS/MACHOS/2019-Alcohol (ASC)/B_CA1_Alcohol","T0000003.wav","T0000003-2.wav",225895394,"742-B5-A30","742-B5-A30_0074.flac"
"/run/user/1000/gvfs/smb-share:server=cinnas.local,share=neurobiología/Juan Carlos/AUTOADMINISTRACION ALCOHOL/AUDIOS/MACHOS/2019-Alcohol (ASC)/C_CA1_Alcohol","T0000003.wav","T0000003-3.wav",225895394,"742-B5-A30","742-B5-A30_0075.flac"
"/run/user/1000/gvfs/smb-share:server=cinnas.local,share=neurobiología/Juan Carlos/AUTOADMINISTRACION ALCOHOL/AUDIOS/MACHOS/2019-Alcohol (ASC)/D_CA1_Alcohol","T0000003.wav","T0000003-4.wav",225895394,"742-B5-A30","742-B5-A30_0076.flac"
"/run/user/1000/gvfs/smb-share:server=cinnas.local,share=neurobiología/Juan Carlos/AUTOADMINISTRACION ALCOHOL/AUDIOS/MACHOS/2019-Alcohol (ASC)/A_CA1_Alcohol","T0000004.wav","T0000004-1.wav",224560098,"742-B5-A30","742-B5-A30_0077.flac"
"/run/user/1000/gvfs/smb-share:server=cinnas.local,share=neurobiología/Juan Carlos/AUTOADMINISTRACION ALCOHOL/AUDIOS/MACHOS/2019-Alcohol (ASC)/B_CA1_Alcohol","T0000004.wav","T0000004-2.wav",224560098,"742-B5-A30","742-B5-A30_0078.flac"
"/run/user/1000/gvfs/smb-share:server=cinnas.local,share=neurobiología/Juan Carlos/AUTOADMINISTRACION ALCOHOL/AUDIOS/MACHOS/2019-Alcohol (ASC)/C_CA1_Alcohol","T0000004.wav","T0000004-3.wav",224560098,"742-B5-A30","742-B5-A30_0079.flac"
"/run/user/1000/gvfs/smb-share:server=cinnas.local,share=neurobiología/Juan Carlos/AUTOADMINISTRACION ALCOHOL/AUDIOS/MACHOS/2019-Alcohol (ASC)/D_CA1_Alcohol","T0000004.wav","T0000004-4.wav",224560098,"742-B5-A30","742-B5-A30_0080.flac"
"/run/user/1000/gvfs/smb-share:server=cinnas.local,share=neurobiología/Juan Carlos/AUTOADMINISTRACION ALCOHOL/AUDIOS/MACHOS/2019-Alcohol (ASC)/A_CA1_Alcohol","T0000005.wav","T0000005-1.wav",225493986,"742-B5-A30","742-B5-A30_0081.flac"
"/run/user/1000/gvfs/smb-share:server=cinnas.local,share=neurobiología/Juan Carlos/AUTOADMINISTRACION ALCOHOL/AUDIOS/MACHOS/2019-Alcohol (ASC)/B_CA1_Alcohol","T0000005.wav","T0000005-2.wav",225493986,"742-B5-A30","742-B5-A30_0082.flac"
"/run/user/1000/gvfs/smb-share:server=cinnas.local,share=neurobiología/Juan Carlos/AUTOADMINISTRACION ALCOHOL/AUDIOS/MACHOS/2019-Alcohol (ASC)/C_CA1_Alcohol","T0000005.wav","T0000005-3.wav",225493986,"742-B5-A30","742-B5-A30_0083.flac"
"/run/user/1000/gvfs/smb-share:server=cinnas.local,share=neurobiología/Juan Carlos/AUTOADMINISTRACION ALCOHOL/AUDIOS/MACHOS/2019-Alcohol (ASC)/D_CA1_Alcohol","T0000005.wav","T0000005-4.wav",225493986,"742-B5-A30","742-B5-A30_0084.flac"
"/run/user/1000/gvfs/smb-share:server=cinnas.local,share=neurobiología/Juan Carlos/AUTOADMINISTRACION ALCOHOL/AUDIOS/MACHOS/2019-Alcohol (ASC)/A_CA1_Alcohol","T0000006.wav","T0000006-1.wav",227460066,"742-B5-A30","742-B5-A30_0085.flac"
"/run/user/1000/gvfs/smb-share:server=cinnas.local,share=neurobiología/Juan Carlos/AUTOADMINISTRACION ALCOHOL/AUDIOS/MACHOS/2019-Alcohol (ASC)/B_CA1_Alcohol","T0000006.wav","T0000006-2.wav",227460066,"742-B5-A30","742-B5-A30_0086.flac"
"/run/user/1000/gvfs/smb-share:server=cinnas.local,share=neurobiología/Juan Carlos/AUTOADMINISTRACION ALCOHOL/AUDIOS/MACHOS/2019-Alcohol (ASC)/C_CA1_Alcohol","T0000006.wav","T0000006-3.wav",227460066,"742-B5-A30","742-B5-A30_0087.flac"
"/run/user/1000/gvfs/smb-share:server=cinnas.local,share=neurobiología/Juan Carlos/AUTOADMINISTRACION ALCOHOL/AUDIOS/MACHOS/2019-Alcohol (ASC)/D_CA1_Alcohol","T0000006.wav","T0000006-4.wav",227460066,"742-B5-A30","742-B5-A30_0088.flac"
"/run/user/1000/gvfs/smb-share:server=cinnas.local,share=neurobiología/Juan Carlos/AUTOADMINISTRACION ALCOHOL/AUDIOS/MACHOS/2019-Alcohol (ASC)/A_CA1_Alcohol","T0000007.wav","T0000007-1.wav",225788898,"742-B5-A30","742-B5-A30_0089.flac"
"/run/user/1000/gvfs/smb-share:server=cinnas.local,share=neurobiología/Juan Carlos/AUTOADMINISTRACION ALCOHOL/AUDIOS/MACHOS/2019-Alcohol (ASC)/B_CA1_Alcohol","T0000007.wav","T0000007-2.wav",225788898,"742-B5-A30","742-B5-A30_0090.flac"
"/run/user/1000/gvfs/smb-share:server=cinnas.local,share=neurobiología/Juan Carlos/AUTOADMINISTRACION ALCOHOL/AUDIOS/MACHOS/2019-Alcohol (ASC)/C_CA1_Alcohol","T0000007.wav","T0000007-3.wav",225788898,"742-B5-A30","742-B5-A30_0091.flac"
"/run/user/1000/gvfs/smb-share:server=cinnas.local,share=neurobiología/Juan Carlos/AUTOADMINISTRACION ALCOHOL/AUDIOS/MACHOS/2019-Alcohol (ASC)/D_CA1_Alcohol","T0000007.wav","T0000007-4.wav",225788898,"742-B5-A30","742-B5-A30_0092.flac"
"/run/user/1000/gvfs/smb-share:server=cinnas.local,share=neurobiología/Juan Carlos/AUTOADMINISTRACION ALCOHOL/AUDIOS/MACHOS/2019-Alcohol (ASC)/A_CA1_Alcohol","T0000008.wav","T0000008-1.wav",226313186,"742-B5-A30","742-B5-A30_0093.flac"
"/run/user/1000/gvfs/smb-share:server=cinnas.local,share=neurobiología/Juan Carlos/AUTOADMINISTRACION ALCOHOL/AUDIOS/MACHOS/2019-Alcohol (ASC)/B_CA1_Alcohol","T0000008.wav","T0000008-2.wav",226313186,"742-B5-A30","742-B5-A30_0094.flac"
"/run/user/1000/gvfs/smb-share:server=cinnas.local,share=neurobiología/Juan Carlos/AUTOADMINISTRACION ALCOHOL/AUDIOS/MACHOS/2019-Alcohol (ASC)/C_CA1_Alcohol","T0000008.wav","T0000008-3.wav",226313186,"742-B5-A30","742-B5-A30_0095.flac"
"/run/user/1000/gvfs/smb-share:server=cinnas.local,share=neurobiología/Juan Carlos/AUTOADMINISTRACION ALCOHOL/AUDIOS/MACHOS/2019-Alcohol (ASC)/D_CA1_Alcohol","T0000008.wav","T0000008-4.wav",226313186,"742-B5-A30","742-B5-A30_0096.flac"
"/run/user/1000/gvfs/smb-share:server=cinnas.local,share=neurobiología/Juan Carlos/AUTOADMINISTRACION ALCOHOL/AUDIOS/MACHOS/2019-Alcohol (ASC)/A_CA1_Alcohol","T0000009.wav","T0000009-1.wav",226468834,"742-B5-A30","742-B5-A30_0097.flac"
"/run/user/1000/gvfs/smb-share:server=cinnas.local,share=neurobiología/Juan Carlos/AUTOADMINISTRACION ALCOHOL/AUDIOS/MACHOS/2019-Alcohol (ASC)/B_CA1_Alcohol","T0000009.wav","T0000009-2.wav",226468834,"742-B5-A30","742-B5-A30_0098.flac"
"/run/user/1000/gvfs/smb-share:server=cinnas.local,share=neurobiología/Juan Carlos/AUTOADMINISTRACION ALCOHOL/AUDIOS/MACHOS/2019-Alcohol (ASC)/C_CA1_Alcohol","T0000009.wav","T0000009-3.wav",226468834,"742-B5-A30","742-B5-A30_0099.flac"
"/run/user/1000/gvfs/smb-share:server=cinnas.local,share=neurobiología/Juan Carlos/AUTOADMINISTRACION ALCOHOL/AUDIOS/MACHOS/2019-Alcohol (ASC)/D_CA1_Alcohol","T0000009.wav","T0000009-4.wav",226468834,"742-B5-A30","742-B5-A30_0100.flac"
"/run/user/1000/gvfs/smb-share:server=cinnas.local,share=neurobiología/Juan Carlos/AUTOADMINISTRACION ALCOHOL/AUDIOS/MACHOS/2019-Alcohol (ASC)/A_CA1_Alcohol","T0000010.wav","T0000010-1.wav",226092002,"742-B5-A30","742-B5-A30_0101.flac"
"/run/user/1000/gvfs/smb-share:server=cinnas.local,share=neurobiología/Juan Carlos/AUTOADMINISTRACION ALCOHOL/AUDIOS/MACHOS/2019-Alcohol (ASC)/B_CA1_Alcohol","T0000010.wav","T0000010-2.wav",226092002,"742-B5-A30","742-B5-A30_0102.flac"
"/run/user/1000/gvfs/smb-share:server=cinnas.local,share=neurobiología/Juan Carlos/AUTOADMINISTRACION ALCOHOL/AUDIOS/MACHOS/2019-Alcohol (ASC)/C_CA1_Alcohol","T0000010.wav","T0000010-3.wav",226092002,"742-B5-A30","742-B5-A30_0103.flac"
"/run/user/1000/gvfs/smb-share:server=cinnas.local,share=neurobiología/Juan Carlos/AUTOADMINISTRACION ALCOHOL/AUDIOS/MACHOS/2019-Alcohol (ASC)/D_CA1_Alcohol","T0000010.wav","T0000010-4.wav",226092002,"742-B5-A30","742-B5-A30_0104.flac"
"/run/user/1000/gvfs/smb-share:server=cinnas.local,share=neurobiología/Juan Carlos/AUTOADMINISTRACION ALCOHOL/AUDIOS/MACHOS/2019-Alcohol (ASC)/A_CA1_Alcohol","T0000011.wav","T0000011-1.wav",254018530,"742-B5-A30","742-B5-A30_0105.flac"
"/run/user/1000/gvfs/smb-share:server=cinnas.local,share=neurobiología/Juan Carlos/AUTOADMINISTRACION ALCOHOL/AUDIOS/MACHOS/2019-Alcohol (ASC)/B_CA1_Alcohol","T0000011.wav","T0000011-2.wav",254018530,"742-B5-A30","742-B5-A30_0106.flac"
"/run/user/1000/gvfs/smb-share:server=cinnas.local,share=neurobiología/Juan Carlos/AUTOADMINISTRACION ALCOHOL/AUDIOS/MACHOS/2019-Alcohol (ASC)/C_CA1_Alcohol","T0000011.wav","T0000011-3.wav",254018530,"742-B5-A30","742-B5-A30_0107.flac"
"/run/user/1000/gvfs/smb-share:server=cinnas.local,share=neurobiología/Juan Carlos/AUTOADMINISTRACION ALCOHOL/AUDIOS/MACHOS/2019-Alcohol (ASC)/D_CA1_Alcohol","T0000011.wav","T0000011-4.wav",254018530,"742-B5-A30","742-B5-A30_0108.flac"
"/run/user/1000/gvfs/smb-share:server=cinnas.local,share=neurobiología/Juan Carlos/AUTOADMINISTRACION ALCOHOL/AUDIOS/MACHOS/2019-Alcohol (ASC)/A_CA1_Alcohol","T0000012.wav","T0000012-1.wav",225698786,"742-B5-A30","742-B5-A30_0109.flac"
"/run/user/1000/gvfs/smb-share:server=cinnas.local,share=neurobiología/Juan Carlos/AUTOADMINISTRACION ALCOHOL/AUDIOS/MACHOS/2019-Alcohol (ASC)/B_CA1_Alcohol","T0000012.wav","T0000012-2.wav",225698786,"742-B5-A30","742-B5-A30_0110.flac"
"/run/user/1000/gvfs/smb-share:server=cinnas.local,share=neurobiología/Juan Carlos/AUTOADMINISTRACION ALCOHOL/AUDIOS/MACHOS/2019-Alcohol (ASC)/C_CA1_Alcohol","T0000012.wav","T0000012-3.wav",225698786,"742-B5-A30","742-B5-A30_0111.flac"
"/run/user/1000/gvfs/smb-share:server=cinnas.local,share=neurobiología/Juan Carlos/AUTOADMINISTRACION ALCOHOL/AUDIOS/MACHOS/2019-Alcohol (ASC)/D_CA1_Alcohol","T0000012.wav","T0000012-4.wav",225698786,"742-B5-A30","742-B5-A30_0112.flac"
"/run/user/1000/gvfs/smb-share:server=cinnas.local,share=neurobiología/Juan Carlos/AUTOADMINISTRACION ALCOHOL/AUDIOS/MACHOS/2019-Alcohol (ASC)/A_CA1_Alcohol","T0000013.wav","T0000013-1.wav",226124770,"742-B5-A30","742-B5-A30_0113.flac"
"/run/user/1000/gvfs/smb-share:server=cinnas.local,share=neurobiología/Juan Carlos/AUTOADMINISTRACION ALCOHOL/AUDIOS/MACHOS/2019-Alcohol (ASC)/B_CA1_Alcohol","T0000013.wav","T0000013-2.wav",226124770,"742-B5-A30","742-B5-A30_0114.flac"
"/run/user/1000/gvfs/smb-share:server=cinnas.local,share=neurobiología/Juan Carlos/AUTOADMINISTRACION ALCOHOL/AUDIOS/MACHOS/2019-Alcohol (ASC)/C_CA1_Alcohol","T0000013.wav","T0000013-3.wav",226124770,"742-B5-A30","742-B5-A30_0115.flac"
"/run/user/1000/gvfs/smb-share:server=cinnas.local,share=neurobiología/Juan Carlos/AUTOADMINISTRACION ALCOHOL/AUDIOS/MACHOS/2019-Alcohol (ASC)/D_CA1_Alcohol","T0000013.wav","T0000013-4.wav",226124770,"742-B5-A30","742-B5-A30_0116.flac"
"/run/user/1000/gvfs/smb-share:server=cinnas.local,share=neurobiología/Juan Carlos/AUTOADMINISTRACION ALCOHOL/AUDIOS/MACHOS/2019-Alcohol (ASC)/A_CA1_Alcohol","T0000014.wav","T0000014-1.wav",228516834,"742-B5-A30","742-B5-A30_0117.flac"
"/run/user/1000/gvfs/smb-share:server=cinnas.local,share=neurobiología/Juan Carlos/AUTOADMINISTRACION ALCOHOL/AUDIOS/MACHOS/2019-Alcohol (ASC)/B_CA1_Alcohol","T0000014.wav","T0000014-2.wav",228516834,"742-B5-A30","742-B5-A30_0118.flac"
"/run/user/1000/gvfs/smb-share:server=cinnas.local,share=neurobiología/Juan Carlos/AUTOADMINISTRACION ALCOHOL/AUDIOS/MACHOS/2019-Alcohol (ASC)/C_CA1_Alcohol","T0000014.wav","T0000014-3.wav",228516834,"742-B5-A30","742-B5-A30_0119.flac"
"/run/user/1000/gvfs/smb-share:server=cinnas.local,share=neurobiología/Juan Carlos/AUTOADMINISTRACION ALCOHOL/AUDIOS/MACHOS/2019-Alcohol (ASC)/D_CA1_Alcohol","T0000014.wav","T0000014-4.wav",228516834,"742-B5-A30","742-B5-A30_0120.flac"
"/run/user/1000/gvfs/smb-share:server=cinnas.local,share=neurobiología/Juan Carlos/AUTOADMINISTRACION ALCOHOL/AUDIOS/MACHOS/2019-Alcohol (ASC)/A_CA1_Alcohol","T0000015.wav","T0000015-1.wav",225108962,"742-B5-A30","742-B5-A30_0121.flac"
"/run/user/1000/gvfs/smb-share:server=cinnas.local,share=neurobiología/Juan Carlos/AUTOADMINISTRACION ALCOHOL/AUDIOS/MACHOS/2019-Alcohol (ASC)/B_CA1_Alcohol","T0000015.wav","T0000015-2.wav",225108962,"742-B5-A30","742-B5-A30_0122.flac"
"/run/user/1000/gvfs/smb-share:server=cinnas.local,share=neurobiología/Juan Carlos/AUTOADMINISTRACION ALCOHOL/AUDIOS/MACHOS/2019-Alcohol (ASC)/C_CA1_Alcohol","T0000015.wav","T0000015-3.wav",225108962,"742-B5-A30","742-B5-A30_0123.flac"
"/run/user/1000/gvfs/smb-share:server=cinnas.local,share=neurobiología/Juan Carlos/AUTOADMINISTRACION ALCOHOL/AUDIOS/MACHOS/2019-Alcohol (ASC)/D_CA1_Alcohol","T0000015.wav","T0000015-4.wav",225108962,"742-B5-A30","742-B5-A30_0124.flac"
"/run/user/1000/gvfs/smb-share:server=cinnas.local,share=neurobiología/Juan Carlos/AUTOADMINISTRACION ALCOHOL/AUDIOS/MACHOS/2019-Alcohol (ASC)/A_CA1_Alcohol","T0000016.wav","T0000016-1.wav",226755554,"742-B5-A30","742-B5-A30_0125.flac"
"/run/user/1000/gvfs/smb-share:server=cinnas.local,share=neurobiología/Juan Carlos/AUTOADMINISTRACION ALCOHOL/AUDIOS/MACHOS/2019-Alcohol (ASC)/B_CA1_Alcohol","T0000016.wav","T0000016-2.wav",226755554,"742-B5-A30","742-B5-A30_0126.flac"
"/run/user/1000/gvfs/smb-share:server=cinnas.local,share=neurobiología/Juan Carlos/AUTOADMINISTRACION ALCOHOL/AUDIOS/MACHOS/2019-Alcohol (ASC)/C_CA1_Alcohol","T0000016.wav","T0000016-3.wav",226755554,"742-B5-A30","742-B5-A30_0127.flac"
"/run/user/1000/gvfs/smb-share:server=cinnas.local,share=neurobiología/Juan Carlos/AUTOADMINISTRACION ALCOHOL/AUDIOS/MACHOS/2019-Alcohol (ASC)/D_CA1_Alcohol","T0000016.wav","T0000016-4.wav",226755554,"742-B5-A30","742-B5-A30_0128.flac"
